<?xml version="1.0" encoding="UTF-8"?><idempiere Name="Jasper Balance Sheet Example" Version="1.0" idempiereVersion="" DataBaseVersion="" Description="" Author="" AuthorEmail="hengsin@gmail.com" CreatedDate="2024-05-24 11:35:04.654" UpdatedDate="2024-05-24 11:35:04.654" PackOutVersion="100" UpdateDictionary="false" Client="0-SYSTEM-System" AD_Client_UU="11237b53-9592-4af1-b3c5-afd216514b5d">
    <AD_Attachment type="table">
        <AD_Client_ID>0</AD_Client_ID>
        <AD_Org_ID>0</AD_Org_ID>
        <IsActive>Y</IsActive>
        <AD_Table_ID reference="id">284</AD_Table_ID>
        <Record_ID reference="uuid" reference-key="AD_Process">970ad3cc-42a9-489c-8798-ad84f9aa7797</Record_ID>
        <BinaryData>1.dat|byte[]</BinaryData>
        <Title>zip</Title>
        <TextMsg/>
        <AD_Attachment_UU>8968e115-24ab-4032-86e0-bc512cf7ee26</AD_Attachment_UU>
        <AD_StorageProvider_ID reference="id"/>
        <Record_UU>970ad3cc-42a9-489c-8798-ad84f9aa7797</Record_UU>
    </AD_Attachment>
    <AD_Process type="table">
        <AD_Client_ID>0</AD_Client_ID>
        <AD_Org_ID>0</AD_Org_ID>
        <IsActive>Y</IsActive>
        <Name>Jasper Balance Sheet Example</Name>
        <Description/>
        <Help/>
        <ProcedureName/>
        <IsReport>Y</IsReport>
        <Value>10000000</Value>
        <IsDirectPrint>N</IsDirectPrint>
        <AD_ReportView_ID reference="id"/>
        <Classname/>
        <AccessLevel>3</AccessLevel>
        <EntityType>U</EntityType>
        <Statistic_Count>0</Statistic_Count>
        <Statistic_Seconds>0</Statistic_Seconds>
        <AD_PrintFormat_ID reference="id"/>
        <WorkflowValue/>
        <AD_Workflow_ID reference="id"/>
        <IsBetaFunctionality>N</IsBetaFunctionality>
        <ShowHelp>Y</ShowHelp>
        <JasperReport>attachment:BalanceSheet.jasper</JasperReport>
        <AD_Form_ID reference="id"/>
        <CopyFromProcess>N</CopyFromProcess>
        <AD_Process_UU>970ad3cc-42a9-489c-8798-ad84f9aa7797</AD_Process_UU>
        <AD_CtxHelp_ID reference="id"/>
        <ExecutionType/>
        <AllowMultipleExecution>P</AllowMultipleExecution>
        <FileNamePattern/>
        <AD_Process_Trl type="translation">
            <Description/>
            <Help/>
            <Name>Jasper Balance Sheet Example</Name>
            <AD_Language>es_CO</AD_Language>
            <IsActive>Y</IsActive>
            <IsTranslated>N</IsTranslated>
        </AD_Process_Trl>
    </AD_Process>
    <SQLMandatory type="custom">
        <DBType>Postgres</DBType>
        <statement><![CDATA[UPDATE PA_Report SET ListTrx='N', JasperProcess_ID=toRecordId('AD_Process','970ad3cc-42a9-489c-8798-ad84f9aa7797'),
Updated=TO_TIMESTAMP('2024-05-24 11:32:22','YYYY-MM-DD HH24:MI:SS'),UpdatedBy=100 WHERE PA_Report_ID=100;]]></statement>
    </SQLMandatory>
    <SQLMandatory type="custom">
        <DBType>Oracle</DBType>
        <statement><![CDATA[UPDATE PA_Report SET ListTrx='N', JasperProcess_ID=toRecordId('AD_Process','970ad3cc-42a9-489c-8798-ad84f9aa7797'),
Updated=TO_TIMESTAMP('2024-05-24 11:32:22','YYYY-MM-DD HH24:MI:SS'),UpdatedBy=100 WHERE PA_Report_ID=100;]]></statement>
    </SQLMandatory>
</idempiere>
