<?xml version="1.0" encoding="UTF-8"?><idempiere Name="AD_Menu" Version="1.0.0" idempiereVersion="12.0.0.qualifier" DataBaseVersion="2023-12-24" Description="" Author="SuperUser" AuthorEmail="superuser @ idempiere.com" CreatedDate="Fri May 24 18:59:55 MYT 2024" UpdatedDate="Fri May 24 18:59:55 MYT 2024" PackOutVersion="100" UpdateDictionary="false" Client="0-SYSTEM-System" AD_Client_UU="11237b53-9592-4af1-b3c5-afd216514b5d">
    <AD_Menu type="table">
        <SeqNo>999</SeqNo>
        <AD_Client_ID>0</AD_Client_ID>
        <AD_Org_ID>0</AD_Org_ID>
        <Name>Jasper BPartner COLUMN_LOOKUP Example</Name>
        <Description/>
        <Action>R</Action>
        <AD_Window_ID reference="id"/>
        <AD_Workflow_ID reference="id"/>
        <AD_Task_ID reference="id"/>
        <IsActive>Y</IsActive>
        <IsSummary>N</IsSummary>
        <AD_Process_ID reference="uuid" reference-key="AD_Process">870a3382-75eb-47ce-bd6b-f1519099e0c0</AD_Process_ID>
        <IsSOTrx>Y</IsSOTrx>
        <AD_Form_ID reference="id"/>
        <IsReadOnly>N</IsReadOnly>
        <EntityType>U</EntityType>
        <IsCentrallyMaintained>Y</IsCentrallyMaintained>
        <AD_Menu_UU>4a9bffa8-6219-4fbb-be96-f326246ba507</AD_Menu_UU>
        <AD_InfoWindow_ID reference="id"/>
        <PredefinedContextVariables/>
        <AD_Menu_Trl type="translation">
            <Description/>
            <Name>Jasper BPartner COLUMN_LOOKUP Example</Name>
            <AD_Language>es_CO</AD_Language>
            <IsActive>Y</IsActive>
            <IsTranslated>N</IsTranslated>
        </AD_Menu_Trl>
        <AD_Attachment type="table">
            <AD_Client_ID>0</AD_Client_ID>
            <AD_Org_ID>0</AD_Org_ID>
            <IsActive>Y</IsActive>
            <AD_Table_ID reference="id">284</AD_Table_ID>
            <Record_ID reference="uuid" reference-key="AD_Process">870a3382-75eb-47ce-bd6b-f1519099e0c0</Record_ID>
            <BinaryData>1.dat|byte[]</BinaryData>
            <Title>zip</Title>
            <TextMsg/>
            <AD_Attachment_UU>b92b13fd-051b-40d4-a1ee-61d00cddcd9d</AD_Attachment_UU>
            <AD_StorageProvider_ID reference="id"/>
            <Record_UU>870a3382-75eb-47ce-bd6b-f1519099e0c0</Record_UU>
        </AD_Attachment>
        <AD_Process type="table">
            <AD_Client_ID>0</AD_Client_ID>
            <AD_Org_ID>0</AD_Org_ID>
            <IsActive>Y</IsActive>
            <Name>Jasper BPartner COLUMN_LOOKUP Example</Name>
            <Description/>
            <Help/>
            <ProcedureName/>
            <IsReport>Y</IsReport>
            <Value>10000000</Value>
            <IsDirectPrint>N</IsDirectPrint>
            <AD_ReportView_ID reference="id"/>
            <Classname/>
            <AccessLevel>3</AccessLevel>
            <EntityType>U</EntityType>
            <Statistic_Count>0</Statistic_Count>
            <Statistic_Seconds>0</Statistic_Seconds>
            <AD_PrintFormat_ID reference="id"/>
            <WorkflowValue/>
            <AD_Workflow_ID reference="id"/>
            <IsBetaFunctionality>N</IsBetaFunctionality>
            <ShowHelp>Y</ShowHelp>
            <JasperReport>attachment:BPartner_COLUMN_LOOKUP.jasper</JasperReport>
            <AD_Form_ID reference="id"/>
            <CopyFromProcess>N</CopyFromProcess>
            <AD_Process_UU>870a3382-75eb-47ce-bd6b-f1519099e0c0</AD_Process_UU>
            <AD_CtxHelp_ID reference="id"/>
            <ExecutionType/>
            <AllowMultipleExecution>P</AllowMultipleExecution>
            <FileNamePattern/>
            <AD_Process_Trl type="translation">
                <Description/>
                <Help/>
                <Name>Jasper BPartner COLUMN_LOOKUP Example</Name>
                <AD_Language>es_CO</AD_Language>
                <IsActive>Y</IsActive>
                <IsTranslated>N</IsTranslated>
            </AD_Process_Trl>
        </AD_Process>
    </AD_Menu>
</idempiere>
