<?xml version="1.0" encoding="UTF-8"?><idempiere Name="org.idempiere.listbox.group.example" Version="1.0" idempiereVersion="" DataBaseVersion="" Description="" Author="" AuthorEmail="hlow@trekglobal.com" CreatedDate="2023-04-26 15:50:20.747" UpdatedDate="2023-04-26 15:50:20.747" PackOutVersion="100" UpdateDictionary="false" Client="0-SYSTEM-System" AD_Client_UU="11237b53-9592-4af1-b3c5-afd216514b5d">
    <AD_Menu type="table">
        <SeqNo>999</SeqNo>
        <AD_Client_ID>0</AD_Client_ID>
        <AD_Org_ID>0</AD_Org_ID>
        <Name>View BPartner by Group</Name>
        <Description/>
        <Action>X</Action>
        <AD_Window_ID reference="id"/>
        <AD_Workflow_ID reference="id"/>
        <AD_Task_ID reference="id"/>
        <AD_Org_ID reference="id">0</AD_Org_ID>
        <IsActive>Y</IsActive>
        <IsSummary>N</IsSummary>
        <AD_Process_ID reference="id"/>
        <IsSOTrx>N</IsSOTrx>
        <AD_Form_ID reference="uuid" reference-key="AD_Form">76d0c0c5-e6ed-45df-a66c-a17aefe12be1</AD_Form_ID>
        <IsReadOnly>N</IsReadOnly>
        <EntityType>U</EntityType>
        <IsCentrallyMaintained>N</IsCentrallyMaintained>
        <AD_Menu_UU>00e3f2a9-c515-4ea2-b705-822e0f2221f7</AD_Menu_UU>
        <AD_InfoWindow_ID reference="id"/>
        <PredefinedContextVariables/>
        <AD_Menu_Trl type="translation">
            <Description/>
            <Name>View BPartner by Group</Name>
            <AD_Language>es_CO</AD_Language>
            <IsActive>Y</IsActive>
            <IsTranslated>N</IsTranslated>
        </AD_Menu_Trl>
        <AD_Form type="table">
            <AD_Client_ID>0</AD_Client_ID>
            <AD_Org_ID>0</AD_Org_ID>
            <AD_Org_ID reference="id">0</AD_Org_ID>
            <IsActive>Y</IsActive>
            <Name>View BPartner by Group</Name>
            <Description/>
            <Help/>
            <Classname>org.idempiere.listbox.group.example.ViewBPartnerForm</Classname>
            <AccessLevel>3</AccessLevel>
            <EntityType>U</EntityType>
            <IsBetaFunctionality>N</IsBetaFunctionality>
            <JSPURL/>
            <AD_Form_UU>76d0c0c5-e6ed-45df-a66c-a17aefe12be1</AD_Form_UU>
            <AD_CtxHelp_ID reference="id"/>
            <ImageURL/>
            <AD_Form_Trl type="translation">
                <Description/>
                <Help/>
                <Name>View BPartner by Group</Name>
                <AD_Language>es_CO</AD_Language>
                <IsActive>Y</IsActive>
                <IsTranslated>N</IsTranslated>
            </AD_Form_Trl>
        </AD_Form>
    </AD_Menu>
</idempiere>
